
insert into recipe(id,title,body,source,servings,image) values(1,'Pasta with garlic, scallions, cauliflower, and bread crumbs','1T butter
1/4 cup whole wheat bread crumbs (I used panko)
about 2T grated cheese (I used romano)
6-8 ounces pasta (I used linguine)
1-2T extra virgin olive oil
about 2 cups frozen cauliflower florets, thawed, cut into bite-sized pieces
5-6 cloves garlic
3 scallions, chopped, white and green parts separated
2-3T white wine
salt and pepper, to taste
couple of pinches red pepper flakes, optional

In a large skillet, melt butter over medium heat until foamy. Then add bread crumbs, tossing to coat in butter, until toasted and lightly browned. Remove from pan into small bowl; mix in cheese and about a tablespoon of the green scallion tops.
In the meantime, begin to prepare your pasta according to the directions on the package. While the pasta is cooking, put about a tablespoon of olive oil in the same pan you used for the bread crumbs. Over medium heat, add the garlic, whites of the scallions, and cauliflower to the skillet. Saute until the cauliflower shows some caramelization. Then add the wine until the florets are tender-crisp. Add salt, pepper, and red pepper flakes.
When pasta is just shy of al dente, reserve about a cup of the cooking water and drain the pasta. Add the drained pasta to the skillet—still over medium heat—with the veggies and toss with some pasta water, as necessary (I added a little at a time; I ended up using about 1/2 cup), till the pasta is coated and turns easily. You may want to add another little drizzle of olive oil. Again, taste and season accordingly.
','https://fullbellysisters.blogspot.com/2012/06/pasta-with-garlic-scallions-cauliflower.html',2,'');


INSERT INTO "user"(id,username,password) VALUES(9998,'user1','user1P');
--INSERT INTO "roles" VALUES(9999, 'ROLE_ADMIN');
INSERT INTO "roles" VALUES(9998, 'ROLE_USER');

INSERT INTO "user"(id,username,password) VALUES(9999,'admin','admin');
--INSERT INTO "roles" VALUES(9999, 'ROLE_ADMIN');
INSERT INTO "roles" VALUES(9999, 'ROLE_ADMIN');

INSERT INTO "tags"(id,name,user_id,description) VALUES(0,'ROOT',-1,'');
INSERT INTO "tags"(id,name,user_id,description) VALUES(1,'Meals',-1,'');
INSERT INTO "tags"(id,name,user_id,description) VALUES(2,'Dinner/Supper',-1,'');
INSERT INTO "tags"(id,name,user_id,description) VALUES(3,'Lunch',-1,'');
INSERT INTO "tags"(id,name,user_id,description) VALUES(4,'Breakfast',-1,'');
INSERT INTO "tags"(id,name,user_id,description) VALUES(5,'Appetizers',-1,'');
INSERT INTO "tags"(id,name,user_id,description) VALUES(6,'Desserts',-1,'');
INSERT INTO "tags"(id,name,user_id,description) VALUES(7,'Beverage',-1,'');
INSERT INTO "tags"(id,name,user_id,description) VALUES(8,'Entrees',-1,'');
INSERT INTO "tags"(id,name,user_id,description) VALUES(15,'Casseroles',-1,'');
INSERT INTO "tags"(id,name,user_id,description) VALUES(16,'Pizza',-1,'');
INSERT INTO "tags"(id,name,user_id,description) VALUES(17,'Pasta',-1,'');
INSERT INTO "tags"(id,name,user_id,description) VALUES(18,'Soup',-1,'');
INSERT INTO "tags"(id,name,user_id,description) VALUES(19,'Sea Food',-1,'');
INSERT INTO "tags"(id,name,user_id,description) VALUES(20,'Roast',-1,'');
INSERT INTO "tags"(id,name,user_id,description) VALUES(21,'Meat Loaf',-1,'');
INSERT INTO "tags"(id,name,user_id,description) VALUES(22,'Ribs',-1,'');
INSERT INTO "tags"(id,name,user_id,description) VALUES(23,'Quiche',-1,'');
INSERT INTO "tags"(id,name,user_id,description) VALUES(24,'Sandwich',-1,'');
INSERT INTO "tags"(id,name,user_id,description) VALUES(25,'Vegatables',-1,'');
INSERT INTO "tags"(id,name,user_id,description) VALUES(26,'Salad',-1,'');
INSERT INTO "tags"(id,name,user_id,description) VALUES(27,'Stir-Fry',-1,'');
INSERT INTO "tags"(id,name,user_id,description) VALUES(28,'Burrito',-1,'');
INSERT INTO "tags"(id,name,user_id,description) VALUES(29,'Enchillado',-1,'');
INSERT INTO "tags"(id,name,user_id,description) VALUES(50,'Desserts',-1,'');
INSERT INTO "tags"(id,name,user_id,description) VALUES(51,'Cakes',-1,'');
INSERT INTO "tags"(id,name,user_id,description) VALUES(52,'Pies',-1,'');
INSERT INTO "tags"(id,name,user_id,description) VALUES(53,'Pudding',-1,'');
INSERT INTO "tags"(id,name,user_id,description) VALUES(54,'Ice Cream',-1,'');
INSERT INTO "tags"(id,name,user_id,description) VALUES(55,'Cobbler',-1,'');
INSERT INTO "tags"(id,name,user_id,description) VALUES(56,'Frostings/Fillings',-1,'');
INSERT INTO "tags"(id,name,user_id,description) VALUES(57,'Special',-1,'');
INSERT INTO "tags"(id,name,user_id,description) VALUES(58,'Trifle',-1,'');
INSERT INTO "tags"(id,name,user_id,description) VALUES(59,'Cheesecake',-1,'');
INSERT INTO "tags"(id,name,user_id,description) VALUES(61,'Mousse',-1,'');
INSERT INTO "tags"(id,name,user_id,description) VALUES(62,'Tiramasu',-1,'');
INSERT INTO "tags"(id,name,user_id,description) VALUES(75,'Sweet',-1,'');
INSERT INTO "tags"(id,name,user_id,description) VALUES(76,'Cookies',-1,'');
INSERT INTO "tags"(id,name,user_id,description) VALUES(77,'Sweets',-1,'');
INSERT INTO "tags"(id,name,user_id,description) VALUES(78,'Tarts',-1,'');
INSERT INTO "tags"(id,name,user_id,description) VALUES(80,'Candy',-1,'');
INSERT INTO "tags"(id,name,user_id,description) VALUES(81,'Pastry',-1,'');
INSERT INTO "tags"(id,name,user_id,description) VALUES(82,'Confection',-1,'');
INSERT INTO "tags"(id,name,user_id,description) VALUES(83,'Parfait',-1,'');
INSERT INTO "tags"(id,name,user_id,description) VALUES(84,'Chocolate',-1,'');
INSERT INTO "tags"(id,name,user_id,description) VALUES(85,'Pralines',-1,'');
INSERT INTO "tags"(id,name,user_id,description) VALUES(86,'Brownies',-1,'');
INSERT INTO "tags"(id,name,user_id,description) VALUES(87,'Biscotti',-1,'');
INSERT INTO "tags"(id,name,user_id,description) VALUES(88,'Gelatin',-1,'');
INSERT INTO "tags"(id,name,user_id,description) VALUES(101,'Finger Food',-1,'');
INSERT INTO "tags"(id,name,user_id,description) VALUES(102,'Snack',-1,'');
INSERT INTO "tags"(id,name,user_id,description) VALUES(103,'Antiposto',-1,'');
INSERT INTO "tags"(id,name,user_id,description) VALUES(104,'Relish',-1,'');
INSERT INTO "tags"(id,name,user_id,description) VALUES(105,'Spread',-1,'');
INSERT INTO "tags"(id,name,user_id,description) VALUES(106,'Finger Food',-1,'');
INSERT INTO "tags"(id,name,user_id,description) VALUES(107,'Dip',-1,'');
INSERT INTO "tags"(id,name,user_id,description) VALUES(108,'Fruit',-1,'');
INSERT INTO "tags"(id,name,user_id,description) VALUES(121,'Eggs',-1,'');
INSERT INTO "tags"(id,name,user_id,description) VALUES(122,'Pancake/Waffle',-1,'');
INSERT INTO "tags"(id,name,user_id,description) VALUES(123,'Toasts',-1,'');
INSERT INTO "tags"(id,name,user_id,description) VALUES(124,'Muffins',-1,'');
INSERT INTO "tags"(id,name,user_id,description) VALUES(150,'Sides',-1,'');
INSERT INTO "tags"(id,name,user_id,description) VALUES(151,'Salad',-1,'');
INSERT INTO "tags"(id,name,user_id,description) VALUES(152,'vegetable',-1,'');
INSERT INTO "tags"(id,name,user_id,description) VALUES(153,'Bread',-1,'');
INSERT INTO "tags"(id,name,user_id,description) VALUES(154,'Bean',-1,'');
INSERT INTO "tags"(id,name,user_id,description) VALUES(155,'Stuffings/Dressings',-1,'');
INSERT INTO "tags"(id,name,user_id,description) VALUES(156,'Sauce',-1,'');
INSERT INTO "tags"(id,name,user_id,description) VALUES(157,'Condiments',-1,'');
INSERT INTO "tags"(id,name,user_id,description) VALUES(180,'BBQ',-1,'');
INSERT INTO "tags"(id,name,user_id,description) VALUES(181,'Spagetti',-1,'');
INSERT INTO "tags"(id,name,user_id,description) VALUES(182,'Gravy',-1,'');
INSERT INTO "tags"(id,name,user_id,description) VALUES(183,'Bolognese',-1,'');
INSERT INTO "tags"(id,name,user_id,description) VALUES(184,'Enchilado',-1,'');
INSERT INTO "tags"(id,name,user_id,description) VALUES(185,'Alfrado',-1,'');
INSERT INTO "tags"(id,name,user_id,description) VALUES(186,'Marinade',-1,'');
INSERT INTO "tags"(id,name,user_id,description) VALUES(187,'Glaze',-1,'');
INSERT INTO "tags"(id,name,user_id,description) VALUES(188,'Pesto',-1,'');
INSERT INTO "tags"(id,name,user_id,description) VALUES(189,'Cr?me',-1,'');
INSERT INTO "tags"(id,name,user_id,description) VALUES(190,'Basting',-1,'');
INSERT INTO "tags"(id,name,user_id,description) VALUES(191,'Hollandaise',-1,'');
INSERT INTO "tags"(id,name,user_id,description) VALUES(192,'Curd',-1,'');
INSERT INTO "tags"(id,name,user_id,description) VALUES(193,'Maranara',-1,'');
INSERT INTO "tags"(id,name,user_id,description) VALUES(194,'Primavera',-1,'');
INSERT INTO "tags"(id,name,user_id,description) VALUES(195,'Spicy/Hot',-1,'');
INSERT INTO "tags"(id,name,user_id,description) VALUES(196,'Dip',-1,'');
INSERT INTO "tags"(id,name,user_id,description) VALUES(197,'Relish',-1,'');
INSERT INTO "tags"(id,name,user_id,description) VALUES(198,'Mayonase',-1,'');
INSERT INTO "tags"(id,name,user_id,description) VALUES(199,'salsa',-1,'');
INSERT INTO "tags"(id,name,user_id,description) VALUES(200,'Vinaigrette',-1,'');
INSERT INTO "tags"(id,name,user_id,description) VALUES(201,'Jelly/Jam',-1,'');
INSERT INTO "tags"(id,name,user_id,description) VALUES(202,'Salad Dressing',-1,'');
INSERT INTO "tags"(id,name,user_id,description) VALUES(203,'Cocktail',-1,'');
INSERT INTO "tags"(id,name,user_id,description) VALUES(204,'Sirup',-1,'');
INSERT INTO "tags"(id,name,user_id,description) VALUES(205,'Spread',-1,'');
INSERT INTO "tags"(id,name,user_id,description) VALUES(206,'Honey',-1,'');
INSERT INTO "tags"(id,name,user_id,description) VALUES(207,'Ketchup',-1,'');
INSERT INTO "tags"(id,name,user_id,description) VALUES(208,'Chutney',-1,'');
INSERT INTO "tags"(id,name,user_id,description) VALUES(209,'Tartar',-1,'');
INSERT INTO "tags"(id,name,user_id,description) VALUES(230,'Clubs',-1,'');
INSERT INTO "tags"(id,name,user_id,description) VALUES(231,'Wraps',-1,'');
INSERT INTO "tags"(id,name,user_id,description) VALUES(232,'Burgers',-1,'');
INSERT INTO "tags"(id,name,user_id,description) VALUES(233,'Gyro',-1,'');
INSERT INTO "tags"(id,name,user_id,description) VALUES(234,'Breadfast',-1,'');
INSERT INTO "tags"(id,name,user_id,description) VALUES(235,'Panini',-1,'');
INSERT INTO "tags"(id,name,user_id,description) VALUES(236,'Po'' Boy',-1,'');
INSERT INTO "tags"(id,name,user_id,description) VALUES(250,'drinks/beverage',-1,'');
INSERT INTO "tags"(id,name,user_id,description) VALUES(251,'Alcoholic',-1,'');
INSERT INTO "tags"(id,name,user_id,description) VALUES(252,'Non-Alcoholic',-1,'');
INSERT INTO "tags"(id,name,user_id,description) VALUES(253,'Cocktail',-1,'');
INSERT INTO "tags"(id,name,user_id,description) VALUES(254,'Shake',-1,'');
INSERT INTO "tags"(id,name,user_id,description) VALUES(255,'Smoothie',-1,'');
INSERT INTO "tags"(id,name,user_id,description) VALUES(256,'Punch',-1,'');
INSERT INTO "tags"(id,name,user_id,description) VALUES(257,'Holiday',-1,'');
INSERT INTO "tags"(id,name,user_id,description) VALUES(258,'EggNog',-1,'');
INSERT INTO "tags"(id,name,user_id,description) VALUES(259,'Brunch',-1,'');
INSERT INTO "tags"(id,name,user_id,description) VALUES(260,'Wine',-1,'');
INSERT INTO "tags"(id,name,user_id,description) VALUES(261,'Beer',-1,'');
INSERT INTO "tags"(id,name,user_id,description) VALUES(300,'Seasonal',-1,'');
INSERT INTO "tags"(id,name,user_id,description) VALUES(301,'Holiday',-1,'');
INSERT INTO "tags"(id,name,user_id,description) VALUES(302,'Christmas',-1,'');
INSERT INTO "tags"(id,name,user_id,description) VALUES(303,'Easter',-1,'');
INSERT INTO "tags"(id,name,user_id,description) VALUES(304,'St. Patricks',-1,'');
INSERT INTO "tags"(id,name,user_id,description) VALUES(305,'July 4th',-1,'');
INSERT INTO "tags"(id,name,user_id,description) VALUES(306,'Winter',-1,'');
INSERT INTO "tags"(id,name,user_id,description) VALUES(307,'Summer',-1,'');
INSERT INTO "tags"(id,name,user_id,description) VALUES(308,'Spring',-1,'');
INSERT INTO "tags"(id,name,user_id,description) VALUES(309,'Fall',-1,'');
INSERT INTO "tags"(id,name,user_id,description) VALUES(310,'Holloween',-1,'');
INSERT INTO "tags"(id,name,user_id,description) VALUES(311,'Thanksgiving',-1,'');
INSERT INTO "tags"(id,name,user_id,description) VALUES(312,'New Year Eve',-1,'');
INSERT INTO "tags"(id,name,user_id,description) VALUES(350,'Seasoning',-1,'');
INSERT INTO "tags"(id,name,user_id,description) VALUES(351,'Spices',-1,'');
INSERT INTO "tags"(id,name,user_id,description) VALUES(352,'Rub',-1,'');
INSERT INTO "tags"(id,name,user_id,description) VALUES(353,'Herbs',-1,'');
INSERT INTO "tags"(id,name,user_id,description) VALUES(354,'Blends',-1,'');
INSERT INTO "tags"(id,name,user_id,description) VALUES(500,'Dietary',-1,'');
INSERT INTO "tags"(id,name,user_id,description) VALUES(501,'Veggitarian',-1,'');
INSERT INTO "tags"(id,name,user_id,description) VALUES(502,'Vegan',-1,'');
INSERT INTO "tags"(id,name,user_id,description) VALUES(503,'Healthy',-1,'');
INSERT INTO "tags"(id,name,user_id,description) VALUES(504,'Spicy',-1,'');
INSERT INTO "tags"(id,name,user_id,description) VALUES(505,'Low Carb',-1,'');
INSERT INTO "tags"(id,name,user_id,description) VALUES(506,'Low Calory',-1,'');
INSERT INTO "tags"(id,name,user_id,description) VALUES(507,'Low Fat',-1,'');
INSERT INTO "tags"(id,name,user_id,description) VALUES(600,'Ethnic',-1,'');
INSERT INTO "tags"(id,name,user_id,description) VALUES(601,'European',-1,'');
INSERT INTO "tags"(id,name,user_id,description) VALUES(602,'French',-1,'');
INSERT INTO "tags"(id,name,user_id,description) VALUES(603,'Greek',-1,'');
INSERT INTO "tags"(id,name,user_id,description) VALUES(604,'Poland',-1,'');
INSERT INTO "tags"(id,name,user_id,description) VALUES(605,'German',-1,'');
INSERT INTO "tags"(id,name,user_id,description) VALUES(606,'Russian',-1,'');
INSERT INTO "tags"(id,name,user_id,description) VALUES(607,'Scanavian',-1,'');
INSERT INTO "tags"(id,name,user_id,description) VALUES(608,'UK',-1,'');
INSERT INTO "tags"(id,name,user_id,description) VALUES(609,'Ireland',-1,'');
INSERT INTO "tags"(id,name,user_id,description) VALUES(610,'Italian',-1,'');
INSERT INTO "tags"(id,name,user_id,description) VALUES(611,'Mediterranean',-1,'');
INSERT INTO "tags"(id,name,user_id,description) VALUES(612,'Asian',-1,'');
INSERT INTO "tags"(id,name,user_id,description) VALUES(613,'East Asia',-1,'');
INSERT INTO "tags"(id,name,user_id,description) VALUES(614,'Korean',-1,'');
INSERT INTO "tags"(id,name,user_id,description) VALUES(615,'Japanese',-1,'');
INSERT INTO "tags"(id,name,user_id,description) VALUES(616,'Chinese',-1,'');
INSERT INTO "tags"(id,name,user_id,description) VALUES(617,'South Asia',-1,'');
INSERT INTO "tags"(id,name,user_id,description) VALUES(618,'bangladesh',-1,'');
INSERT INTO "tags"(id,name,user_id,description) VALUES(619,'Iran',-1,'');
INSERT INTO "tags"(id,name,user_id,description) VALUES(620,'Pakistan',-1,'');
INSERT INTO "tags"(id,name,user_id,description) VALUES(621,'South East Asia',-1,'');
INSERT INTO "tags"(id,name,user_id,description) VALUES(622,'Vietnam',-1,'');
INSERT INTO "tags"(id,name,user_id,description) VALUES(623,'Thai',-1,'');
INSERT INTO "tags"(id,name,user_id,description) VALUES(624,'Malaysia',-1,'');
INSERT INTO "tags"(id,name,user_id,description) VALUES(625,'Indonesia',-1,'');
INSERT INTO "tags"(id,name,user_id,description) VALUES(626,'Canada',-1,'');
INSERT INTO "tags"(id,name,user_id,description) VALUES(627,'French Canada',-1,'');
INSERT INTO "tags"(id,name,user_id,description) VALUES(628,'Toronto',-1,'');
INSERT INTO "tags"(id,name,user_id,description) VALUES(629,'Vancouver',-1,'');
INSERT INTO "tags"(id,name,user_id,description) VALUES(630,'American',-1,'');
INSERT INTO "tags"(id,name,user_id,description) VALUES(631,'TexMex',-1,'');
INSERT INTO "tags"(id,name,user_id,description) VALUES(632,'Southern',-1,'');
INSERT INTO "tags"(id,name,user_id,description) VALUES(633,'Northwest',-1,'');
INSERT INTO "tags"(id,name,user_id,description) VALUES(634,'California',-1,'');
INSERT INTO "tags"(id,name,user_id,description) VALUES(635,'Southwestern',-1,'');
INSERT INTO "tags"(id,name,user_id,description) VALUES(636,'Northeast',-1,'');
INSERT INTO "tags"(id,name,user_id,description) VALUES(637,'Jewish',-1,'');
INSERT INTO "tags"(id,name,user_id,description) VALUES(638,'Indian',-1,'');
INSERT INTO "tags"(id,name,user_id,description) VALUES(639,'African',-1,'');
INSERT INTO "tags"(id,name,user_id,description) VALUES(640,'Latin American',-1,'');
INSERT INTO "tags"(id,name,user_id,description) VALUES(641,'Mexican',-1,'');
INSERT INTO "tags"(id,name,user_id,description) VALUES(642,'Carribbean',-1,'');
INSERT INTO "tags"(id,name,user_id,description) VALUES(643,'South American',-1,'');
INSERT INTO "tags"(id,name,user_id,description) VALUES(644,'New Zealand',-1,'');
INSERT INTO "tags"(id,name,user_id,description) VALUES(645,'Austraiian',-1,'');
INSERT INTO "tags"(id,name,user_id,description) VALUES(700,'Quick meal',-1,'');
INSERT INTO "tags"(id,name,user_id,description) VALUES(701,'For Company',-1,'');
INSERT INTO "tags"(id,name,user_id,description) VALUES(702,'Impressive/fancy',-1,'');
INSERT INTO "tags"(id,name,user_id,description) VALUES(703,'Crock Pot',-1,'');
INSERT INTO "tags"(id,name,user_id,description) VALUES(704,'Slow cook',-1,'');
INSERT INTO "tags"(id,name,user_id,description) VALUES(900,'Non-Food',-1,'');
INSERT INTO "tags"(id,name,user_id,description) VALUES(901,'Cleaner',-1,'');
INSERT INTO "tags"(id,name,user_id,description) VALUES(902,'Detergent',-1,'');
INSERT INTO "tags"(id,name,user_id,description) VALUES(903,'Soap',-1,'');
INSERT INTO "tags"(id,name,user_id,description) VALUES(904,'Play/Toy',-1,'');
INSERT INTO "tags"(id,name,user_id,description) VALUES(905,'Creative',-1,'');
INSERT INTO "tags"(id,name,user_id,description) VALUES(906,'Medicinal',-1,'');
INSERT INTO "tags"(id,name,user_id,description) VALUES(907,'lotion',-1,'');
INSERT INTO "tags"(id,name,user_id,description) VALUES(908,'Softener',-1,'');
INSERT INTO "tags"(id,name,user_id,description) VALUES(909,'Pet Care',-1,'');
INSERT INTO "tags"(id,name,user_id,description) VALUES(910,'Polish',-1,'');
INSERT INTO "tags"(id,name,user_id,description) VALUES(911,'Freshener',-1,'');
INSERT INTO "tags"(id,name,user_id,description) VALUES(912,'Conditioner',-1,'');
INSERT INTO "tags"(id,name,user_id,description) VALUES(913,'Scrub',-1,'');
INSERT INTO "tags"(id,name,user_id,description) VALUES(914,'Ornaments',-1,'');
INSERT INTO "tags"(id,name,user_id,description) VALUES(915,'Disenfectent',-1,'');
INSERT INTO "tags"(id,name,user_id,description) VALUES(916,'Unclogger',-1,'');
INSERT INTO "tags"(id,name,user_id,description) VALUES(917,'Polish',-1,'');
INSERT INTO "tags"(id,name,user_id,description) VALUES(918,'Freshener',-1,'');
INSERT INTO "tags"(id,name,user_id,description) VALUES(919,'Conditioner',-1,'');
INSERT INTO "tags"(id,name,user_id,description) VALUES(920,'Scrub',-1,'');
INSERT INTO "tags"(id,name,user_id,description) VALUES(921,'Ornaments',-1,'');
INSERT INTO "tags"(id,name,user_id,description) VALUES(922,'Disenfectent',-1,'');
INSERT INTO "tags"(id,name,user_id,description) VALUES(923,'Unclogger',-1,'');
INSERT INTO "tagsinfo"(tag_id,type,is_parent_p,parent_id,ethnic_tag_id,defined_p) VALUES(0,0,TRUE,-1,-1,TRUE);
INSERT INTO "tagsinfo"(tag_id,type,is_parent_p,parent_id,ethnic_tag_id,defined_p) VALUES(1,1,TRUE,0,-1,TRUE);
INSERT INTO "tagsinfo"(tag_id,type,is_parent_p,parent_id,ethnic_tag_id,defined_p) VALUES(2,1,FALSE,1,-1,TRUE);
INSERT INTO "tagsinfo"(tag_id,type,is_parent_p,parent_id,ethnic_tag_id,defined_p) VALUES(3,1,FALSE,1,-1,TRUE);
INSERT INTO "tagsinfo"(tag_id,type,is_parent_p,parent_id,ethnic_tag_id,defined_p) VALUES(4,1,TRUE,1,-1,TRUE);
INSERT INTO "tagsinfo"(tag_id,type,is_parent_p,parent_id,ethnic_tag_id,defined_p) VALUES(5,1,TRUE,1,-1,TRUE);
INSERT INTO "tagsinfo"(tag_id,type,is_parent_p,parent_id,ethnic_tag_id,defined_p) VALUES(6,1,TRUE,1,-1,TRUE);
INSERT INTO "tagsinfo"(tag_id,type,is_parent_p,parent_id,ethnic_tag_id,defined_p) VALUES(7,1,TRUE,1,-1,TRUE);
INSERT INTO "tagsinfo"(tag_id,type,is_parent_p,parent_id,ethnic_tag_id,defined_p) VALUES(8,1,TRUE,0,-1,TRUE);
INSERT INTO "tagsinfo"(tag_id,type,is_parent_p,parent_id,ethnic_tag_id,defined_p) VALUES(15,2,FALSE,8,-1,TRUE);
INSERT INTO "tagsinfo"(tag_id,type,is_parent_p,parent_id,ethnic_tag_id,defined_p) VALUES(16,2,FALSE,8,-1,TRUE);
INSERT INTO "tagsinfo"(tag_id,type,is_parent_p,parent_id,ethnic_tag_id,defined_p) VALUES(17,2,FALSE,8,-1,TRUE);
INSERT INTO "tagsinfo"(tag_id,type,is_parent_p,parent_id,ethnic_tag_id,defined_p) VALUES(18,2,FALSE,8,-1,TRUE);
INSERT INTO "tagsinfo"(tag_id,type,is_parent_p,parent_id,ethnic_tag_id,defined_p) VALUES(19,2,FALSE,8,-1,TRUE);
INSERT INTO "tagsinfo"(tag_id,type,is_parent_p,parent_id,ethnic_tag_id,defined_p) VALUES(20,2,FALSE,8,-1,TRUE);
INSERT INTO "tagsinfo"(tag_id,type,is_parent_p,parent_id,ethnic_tag_id,defined_p) VALUES(21,2,FALSE,8,-1,TRUE);
INSERT INTO "tagsinfo"(tag_id,type,is_parent_p,parent_id,ethnic_tag_id,defined_p) VALUES(22,2,FALSE,8,-1,TRUE);
INSERT INTO "tagsinfo"(tag_id,type,is_parent_p,parent_id,ethnic_tag_id,defined_p) VALUES(23,2,FALSE,8,-1,TRUE);
INSERT INTO "tagsinfo"(tag_id,type,is_parent_p,parent_id,ethnic_tag_id,defined_p) VALUES(24,1,TRUE,8,-1,TRUE);
INSERT INTO "tagsinfo"(tag_id,type,is_parent_p,parent_id,ethnic_tag_id,defined_p) VALUES(25,2,FALSE,8,-1,TRUE);
INSERT INTO "tagsinfo"(tag_id,type,is_parent_p,parent_id,ethnic_tag_id,defined_p) VALUES(26,2,FALSE,8,-1,TRUE);
INSERT INTO "tagsinfo"(tag_id,type,is_parent_p,parent_id,ethnic_tag_id,defined_p) VALUES(27,2,FALSE,8,-1,TRUE);
INSERT INTO "tagsinfo"(tag_id,type,is_parent_p,parent_id,ethnic_tag_id,defined_p) VALUES(28,2,FALSE,8,-1,TRUE);
INSERT INTO "tagsinfo"(tag_id,type,is_parent_p,parent_id,ethnic_tag_id,defined_p) VALUES(29,2,FALSE,8,-1,TRUE);
INSERT INTO "tagsinfo"(tag_id,type,is_parent_p,parent_id,ethnic_tag_id,defined_p) VALUES(50,1,TRUE,0,-1,TRUE);
INSERT INTO "tagsinfo"(tag_id,type,is_parent_p,parent_id,ethnic_tag_id,defined_p) VALUES(51,2,FALSE,50,-1,TRUE);
INSERT INTO "tagsinfo"(tag_id,type,is_parent_p,parent_id,ethnic_tag_id,defined_p) VALUES(52,2,FALSE,50,-1,TRUE);
INSERT INTO "tagsinfo"(tag_id,type,is_parent_p,parent_id,ethnic_tag_id,defined_p) VALUES(53,2,FALSE,50,-1,TRUE);
INSERT INTO "tagsinfo"(tag_id,type,is_parent_p,parent_id,ethnic_tag_id,defined_p) VALUES(54,2,FALSE,50,-1,TRUE);
INSERT INTO "tagsinfo"(tag_id,type,is_parent_p,parent_id,ethnic_tag_id,defined_p) VALUES(55,2,FALSE,50,-1,TRUE);
INSERT INTO "tagsinfo"(tag_id,type,is_parent_p,parent_id,ethnic_tag_id,defined_p) VALUES(56,2,FALSE,50,-1,TRUE);
INSERT INTO "tagsinfo"(tag_id,type,is_parent_p,parent_id,ethnic_tag_id,defined_p) VALUES(57,2,FALSE,50,-1,TRUE);
INSERT INTO "tagsinfo"(tag_id,type,is_parent_p,parent_id,ethnic_tag_id,defined_p) VALUES(58,2,FALSE,50,-1,TRUE);
INSERT INTO "tagsinfo"(tag_id,type,is_parent_p,parent_id,ethnic_tag_id,defined_p) VALUES(59,2,FALSE,50,-1,TRUE);
INSERT INTO "tagsinfo"(tag_id,type,is_parent_p,parent_id,ethnic_tag_id,defined_p) VALUES(61,2,FALSE,50,-1,TRUE);
INSERT INTO "tagsinfo"(tag_id,type,is_parent_p,parent_id,ethnic_tag_id,defined_p) VALUES(62,2,FALSE,50,-1,TRUE);
INSERT INTO "tagsinfo"(tag_id,type,is_parent_p,parent_id,ethnic_tag_id,defined_p) VALUES(75,1,TRUE,50,-1,TRUE);
INSERT INTO "tagsinfo"(tag_id,type,is_parent_p,parent_id,ethnic_tag_id,defined_p) VALUES(76,2,FALSE,75,-1,TRUE);
INSERT INTO "tagsinfo"(tag_id,type,is_parent_p,parent_id,ethnic_tag_id,defined_p) VALUES(77,2,FALSE,75,-1,TRUE);
INSERT INTO "tagsinfo"(tag_id,type,is_parent_p,parent_id,ethnic_tag_id,defined_p) VALUES(78,2,FALSE,75,-1,TRUE);
INSERT INTO "tagsinfo"(tag_id,type,is_parent_p,parent_id,ethnic_tag_id,defined_p) VALUES(80,2,FALSE,75,-1,TRUE);
INSERT INTO "tagsinfo"(tag_id,type,is_parent_p,parent_id,ethnic_tag_id,defined_p) VALUES(81,2,FALSE,75,-1,TRUE);
INSERT INTO "tagsinfo"(tag_id,type,is_parent_p,parent_id,ethnic_tag_id,defined_p) VALUES(82,2,FALSE,75,-1,TRUE);
INSERT INTO "tagsinfo"(tag_id,type,is_parent_p,parent_id,ethnic_tag_id,defined_p) VALUES(83,2,FALSE,75,-1,TRUE);
INSERT INTO "tagsinfo"(tag_id,type,is_parent_p,parent_id,ethnic_tag_id,defined_p) VALUES(84,2,FALSE,75,-1,TRUE);
INSERT INTO "tagsinfo"(tag_id,type,is_parent_p,parent_id,ethnic_tag_id,defined_p) VALUES(85,2,FALSE,75,-1,TRUE);
INSERT INTO "tagsinfo"(tag_id,type,is_parent_p,parent_id,ethnic_tag_id,defined_p) VALUES(86,2,FALSE,75,-1,TRUE);
INSERT INTO "tagsinfo"(tag_id,type,is_parent_p,parent_id,ethnic_tag_id,defined_p) VALUES(87,2,FALSE,75,610,TRUE);
INSERT INTO "tagsinfo"(tag_id,type,is_parent_p,parent_id,ethnic_tag_id,defined_p) VALUES(88,2,FALSE,75,-1,TRUE);
INSERT INTO "tagsinfo"(tag_id,type,is_parent_p,parent_id,ethnic_tag_id,defined_p) VALUES(101,2,FALSE,5,-1,TRUE);
INSERT INTO "tagsinfo"(tag_id,type,is_parent_p,parent_id,ethnic_tag_id,defined_p) VALUES(102,2,FALSE,5,-1,TRUE);
INSERT INTO "tagsinfo"(tag_id,type,is_parent_p,parent_id,ethnic_tag_id,defined_p) VALUES(103,2,FALSE,5,610,TRUE);
INSERT INTO "tagsinfo"(tag_id,type,is_parent_p,parent_id,ethnic_tag_id,defined_p) VALUES(104,2,FALSE,5,-1,TRUE);
INSERT INTO "tagsinfo"(tag_id,type,is_parent_p,parent_id,ethnic_tag_id,defined_p) VALUES(105,2,FALSE,5,-1,TRUE);
INSERT INTO "tagsinfo"(tag_id,type,is_parent_p,parent_id,ethnic_tag_id,defined_p) VALUES(106,2,FALSE,5,-1,TRUE);
INSERT INTO "tagsinfo"(tag_id,type,is_parent_p,parent_id,ethnic_tag_id,defined_p) VALUES(107,2,FALSE,5,-1,TRUE);
INSERT INTO "tagsinfo"(tag_id,type,is_parent_p,parent_id,ethnic_tag_id,defined_p) VALUES(108,2,FALSE,5,-1,TRUE);
INSERT INTO "tagsinfo"(tag_id,type,is_parent_p,parent_id,ethnic_tag_id,defined_p) VALUES(121,2,FALSE,4,-1,TRUE);
INSERT INTO "tagsinfo"(tag_id,type,is_parent_p,parent_id,ethnic_tag_id,defined_p) VALUES(122,2,FALSE,4,-1,TRUE);
INSERT INTO "tagsinfo"(tag_id,type,is_parent_p,parent_id,ethnic_tag_id,defined_p) VALUES(123,2,FALSE,4,-1,TRUE);
INSERT INTO "tagsinfo"(tag_id,type,is_parent_p,parent_id,ethnic_tag_id,defined_p) VALUES(124,2,FALSE,4,-1,TRUE);
INSERT INTO "tagsinfo"(tag_id,type,is_parent_p,parent_id,ethnic_tag_id,defined_p) VALUES(150,1,FALSE,0,-1,TRUE);
INSERT INTO "tagsinfo"(tag_id,type,is_parent_p,parent_id,ethnic_tag_id,defined_p) VALUES(151,2,FALSE,150,-1,TRUE);
INSERT INTO "tagsinfo"(tag_id,type,is_parent_p,parent_id,ethnic_tag_id,defined_p) VALUES(152,2,FALSE,150,-1,TRUE);
INSERT INTO "tagsinfo"(tag_id,type,is_parent_p,parent_id,ethnic_tag_id,defined_p) VALUES(153,2,FALSE,150,-1,TRUE);
INSERT INTO "tagsinfo"(tag_id,type,is_parent_p,parent_id,ethnic_tag_id,defined_p) VALUES(154,2,FALSE,150,-1,TRUE);
INSERT INTO "tagsinfo"(tag_id,type,is_parent_p,parent_id,ethnic_tag_id,defined_p) VALUES(155,2,FALSE,150,-1,TRUE);
INSERT INTO "tagsinfo"(tag_id,type,is_parent_p,parent_id,ethnic_tag_id,defined_p) VALUES(156,1,TRUE,150,-1,TRUE);
INSERT INTO "tagsinfo"(tag_id,type,is_parent_p,parent_id,ethnic_tag_id,defined_p) VALUES(157,1,TRUE,150,-1,TRUE);
INSERT INTO "tagsinfo"(tag_id,type,is_parent_p,parent_id,ethnic_tag_id,defined_p) VALUES(180,2,FALSE,156,-1,TRUE);
INSERT INTO "tagsinfo"(tag_id,type,is_parent_p,parent_id,ethnic_tag_id,defined_p) VALUES(181,2,FALSE,156,610,TRUE);
INSERT INTO "tagsinfo"(tag_id,type,is_parent_p,parent_id,ethnic_tag_id,defined_p) VALUES(182,2,FALSE,156,-1,TRUE);
INSERT INTO "tagsinfo"(tag_id,type,is_parent_p,parent_id,ethnic_tag_id,defined_p) VALUES(183,2,FALSE,156,610,TRUE);
INSERT INTO "tagsinfo"(tag_id,type,is_parent_p,parent_id,ethnic_tag_id,defined_p) VALUES(184,2,FALSE,156,602,TRUE);
INSERT INTO "tagsinfo"(tag_id,type,is_parent_p,parent_id,ethnic_tag_id,defined_p) VALUES(185,2,FALSE,156,610,TRUE);
INSERT INTO "tagsinfo"(tag_id,type,is_parent_p,parent_id,ethnic_tag_id,defined_p) VALUES(186,2,FALSE,156,-1,TRUE);
INSERT INTO "tagsinfo"(tag_id,type,is_parent_p,parent_id,ethnic_tag_id,defined_p) VALUES(187,2,FALSE,156,-1,TRUE);
INSERT INTO "tagsinfo"(tag_id,type,is_parent_p,parent_id,ethnic_tag_id,defined_p) VALUES(188,2,FALSE,156,610,TRUE);
INSERT INTO "tagsinfo"(tag_id,type,is_parent_p,parent_id,ethnic_tag_id,defined_p) VALUES(189,2,FALSE,156,-1,TRUE);
INSERT INTO "tagsinfo"(tag_id,type,is_parent_p,parent_id,ethnic_tag_id,defined_p) VALUES(190,2,FALSE,156,-1,TRUE);
INSERT INTO "tagsinfo"(tag_id,type,is_parent_p,parent_id,ethnic_tag_id,defined_p) VALUES(191,2,FALSE,156,601,TRUE);
INSERT INTO "tagsinfo"(tag_id,type,is_parent_p,parent_id,ethnic_tag_id,defined_p) VALUES(192,2,FALSE,156,-1,TRUE);
INSERT INTO "tagsinfo"(tag_id,type,is_parent_p,parent_id,ethnic_tag_id,defined_p) VALUES(193,2,FALSE,156,610,TRUE);
INSERT INTO "tagsinfo"(tag_id,type,is_parent_p,parent_id,ethnic_tag_id,defined_p) VALUES(194,2,FALSE,156,610,TRUE);
INSERT INTO "tagsinfo"(tag_id,type,is_parent_p,parent_id,ethnic_tag_id,defined_p) VALUES(195,2,FALSE,156,-1,TRUE);
INSERT INTO "tagsinfo"(tag_id,type,is_parent_p,parent_id,ethnic_tag_id,defined_p) VALUES(196,2,FALSE,156,-1,TRUE);
INSERT INTO "tagsinfo"(tag_id,type,is_parent_p,parent_id,ethnic_tag_id,defined_p) VALUES(197,2,FALSE,157,-1,TRUE);
INSERT INTO "tagsinfo"(tag_id,type,is_parent_p,parent_id,ethnic_tag_id,defined_p) VALUES(198,2,FALSE,157,-1,TRUE);
INSERT INTO "tagsinfo"(tag_id,type,is_parent_p,parent_id,ethnic_tag_id,defined_p) VALUES(199,2,FALSE,157,-1,TRUE);
INSERT INTO "tagsinfo"(tag_id,type,is_parent_p,parent_id,ethnic_tag_id,defined_p) VALUES(200,2,FALSE,157,-1,TRUE);
INSERT INTO "tagsinfo"(tag_id,type,is_parent_p,parent_id,ethnic_tag_id,defined_p) VALUES(201,2,FALSE,157,-1,TRUE);
INSERT INTO "tagsinfo"(tag_id,type,is_parent_p,parent_id,ethnic_tag_id,defined_p) VALUES(202,2,FALSE,157,-1,TRUE);
INSERT INTO "tagsinfo"(tag_id,type,is_parent_p,parent_id,ethnic_tag_id,defined_p) VALUES(203,2,FALSE,157,-1,TRUE);
INSERT INTO "tagsinfo"(tag_id,type,is_parent_p,parent_id,ethnic_tag_id,defined_p) VALUES(204,2,FALSE,157,-1,TRUE);
INSERT INTO "tagsinfo"(tag_id,type,is_parent_p,parent_id,ethnic_tag_id,defined_p) VALUES(205,2,FALSE,157,-1,TRUE);
INSERT INTO "tagsinfo"(tag_id,type,is_parent_p,parent_id,ethnic_tag_id,defined_p) VALUES(206,2,FALSE,157,-1,TRUE);
INSERT INTO "tagsinfo"(tag_id,type,is_parent_p,parent_id,ethnic_tag_id,defined_p) VALUES(207,2,FALSE,157,-1,TRUE);
INSERT INTO "tagsinfo"(tag_id,type,is_parent_p,parent_id,ethnic_tag_id,defined_p) VALUES(208,2,FALSE,157,-1,TRUE);
INSERT INTO "tagsinfo"(tag_id,type,is_parent_p,parent_id,ethnic_tag_id,defined_p) VALUES(209,2,FALSE,157,-1,TRUE);
INSERT INTO "tagsinfo"(tag_id,type,is_parent_p,parent_id,ethnic_tag_id,defined_p) VALUES(230,2,FALSE,24,-1,TRUE);
INSERT INTO "tagsinfo"(tag_id,type,is_parent_p,parent_id,ethnic_tag_id,defined_p) VALUES(231,2,FALSE,24,-1,TRUE);
INSERT INTO "tagsinfo"(tag_id,type,is_parent_p,parent_id,ethnic_tag_id,defined_p) VALUES(232,2,FALSE,24,-1,TRUE);
INSERT INTO "tagsinfo"(tag_id,type,is_parent_p,parent_id,ethnic_tag_id,defined_p) VALUES(233,2,FALSE,24,-1,TRUE);
INSERT INTO "tagsinfo"(tag_id,type,is_parent_p,parent_id,ethnic_tag_id,defined_p) VALUES(234,2,FALSE,24,-1,TRUE);
INSERT INTO "tagsinfo"(tag_id,type,is_parent_p,parent_id,ethnic_tag_id,defined_p) VALUES(235,2,FALSE,24,-1,TRUE);
INSERT INTO "tagsinfo"(tag_id,type,is_parent_p,parent_id,ethnic_tag_id,defined_p) VALUES(236,2,FALSE,24,-1,TRUE);
INSERT INTO "tagsinfo"(tag_id,type,is_parent_p,parent_id,ethnic_tag_id,defined_p) VALUES(250,1,TRUE,0,-1,TRUE);
INSERT INTO "tagsinfo"(tag_id,type,is_parent_p,parent_id,ethnic_tag_id,defined_p) VALUES(251,2,FALSE,250,-1,TRUE);
INSERT INTO "tagsinfo"(tag_id,type,is_parent_p,parent_id,ethnic_tag_id,defined_p) VALUES(252,2,FALSE,250,-1,TRUE);
INSERT INTO "tagsinfo"(tag_id,type,is_parent_p,parent_id,ethnic_tag_id,defined_p) VALUES(253,2,FALSE,250,-1,TRUE);
INSERT INTO "tagsinfo"(tag_id,type,is_parent_p,parent_id,ethnic_tag_id,defined_p) VALUES(254,2,FALSE,250,-1,TRUE);
INSERT INTO "tagsinfo"(tag_id,type,is_parent_p,parent_id,ethnic_tag_id,defined_p) VALUES(255,2,FALSE,250,-1,TRUE);
INSERT INTO "tagsinfo"(tag_id,type,is_parent_p,parent_id,ethnic_tag_id,defined_p) VALUES(256,2,FALSE,250,-1,TRUE);
INSERT INTO "tagsinfo"(tag_id,type,is_parent_p,parent_id,ethnic_tag_id,defined_p) VALUES(257,2,FALSE,250,-1,TRUE);
INSERT INTO "tagsinfo"(tag_id,type,is_parent_p,parent_id,ethnic_tag_id,defined_p) VALUES(258,2,FALSE,250,-1,TRUE);
INSERT INTO "tagsinfo"(tag_id,type,is_parent_p,parent_id,ethnic_tag_id,defined_p) VALUES(259,2,FALSE,250,-1,TRUE);
INSERT INTO "tagsinfo"(tag_id,type,is_parent_p,parent_id,ethnic_tag_id,defined_p) VALUES(260,2,FALSE,250,-1,TRUE);
INSERT INTO "tagsinfo"(tag_id,type,is_parent_p,parent_id,ethnic_tag_id,defined_p) VALUES(261,2,FALSE,250,-1,TRUE);
INSERT INTO "tagsinfo"(tag_id,type,is_parent_p,parent_id,ethnic_tag_id,defined_p) VALUES(300,4,TRUE,0,-1,TRUE);
INSERT INTO "tagsinfo"(tag_id,type,is_parent_p,parent_id,ethnic_tag_id,defined_p) VALUES(301,4,FALSE,300,-1,TRUE);
INSERT INTO "tagsinfo"(tag_id,type,is_parent_p,parent_id,ethnic_tag_id,defined_p) VALUES(302,4,FALSE,300,-1,TRUE);
INSERT INTO "tagsinfo"(tag_id,type,is_parent_p,parent_id,ethnic_tag_id,defined_p) VALUES(303,4,FALSE,300,-1,TRUE);
INSERT INTO "tagsinfo"(tag_id,type,is_parent_p,parent_id,ethnic_tag_id,defined_p) VALUES(304,4,FALSE,300,-1,TRUE);
INSERT INTO "tagsinfo"(tag_id,type,is_parent_p,parent_id,ethnic_tag_id,defined_p) VALUES(305,4,FALSE,300,-1,TRUE);
INSERT INTO "tagsinfo"(tag_id,type,is_parent_p,parent_id,ethnic_tag_id,defined_p) VALUES(306,4,FALSE,300,-1,TRUE);
INSERT INTO "tagsinfo"(tag_id,type,is_parent_p,parent_id,ethnic_tag_id,defined_p) VALUES(307,4,FALSE,300,-1,TRUE);
INSERT INTO "tagsinfo"(tag_id,type,is_parent_p,parent_id,ethnic_tag_id,defined_p) VALUES(308,4,FALSE,300,-1,TRUE);
INSERT INTO "tagsinfo"(tag_id,type,is_parent_p,parent_id,ethnic_tag_id,defined_p) VALUES(309,4,FALSE,300,-1,TRUE);
INSERT INTO "tagsinfo"(tag_id,type,is_parent_p,parent_id,ethnic_tag_id,defined_p) VALUES(310,4,FALSE,300,-1,TRUE);
INSERT INTO "tagsinfo"(tag_id,type,is_parent_p,parent_id,ethnic_tag_id,defined_p) VALUES(311,4,FALSE,300,-1,TRUE);
INSERT INTO "tagsinfo"(tag_id,type,is_parent_p,parent_id,ethnic_tag_id,defined_p) VALUES(312,4,FALSE,300,-1,TRUE);
INSERT INTO "tagsinfo"(tag_id,type,is_parent_p,parent_id,ethnic_tag_id,defined_p) VALUES(350,5,TRUE,0,-1,TRUE);
INSERT INTO "tagsinfo"(tag_id,type,is_parent_p,parent_id,ethnic_tag_id,defined_p) VALUES(351,5,FALSE,350,-1,TRUE);
INSERT INTO "tagsinfo"(tag_id,type,is_parent_p,parent_id,ethnic_tag_id,defined_p) VALUES(352,5,FALSE,350,-1,TRUE);
INSERT INTO "tagsinfo"(tag_id,type,is_parent_p,parent_id,ethnic_tag_id,defined_p) VALUES(353,5,FALSE,350,-1,TRUE);
INSERT INTO "tagsinfo"(tag_id,type,is_parent_p,parent_id,ethnic_tag_id,defined_p) VALUES(354,5,FALSE,350,-1,TRUE);
INSERT INTO "tagsinfo"(tag_id,type,is_parent_p,parent_id,ethnic_tag_id,defined_p) VALUES(500,5,TRUE,0,-1,TRUE);
INSERT INTO "tagsinfo"(tag_id,type,is_parent_p,parent_id,ethnic_tag_id,defined_p) VALUES(501,6,FALSE,500,-1,TRUE);
INSERT INTO "tagsinfo"(tag_id,type,is_parent_p,parent_id,ethnic_tag_id,defined_p) VALUES(502,6,FALSE,500,-1,TRUE);
INSERT INTO "tagsinfo"(tag_id,type,is_parent_p,parent_id,ethnic_tag_id,defined_p) VALUES(503,6,FALSE,500,-1,TRUE);
INSERT INTO "tagsinfo"(tag_id,type,is_parent_p,parent_id,ethnic_tag_id,defined_p) VALUES(504,6,FALSE,500,-1,TRUE);
INSERT INTO "tagsinfo"(tag_id,type,is_parent_p,parent_id,ethnic_tag_id,defined_p) VALUES(505,6,FALSE,500,-1,TRUE);
INSERT INTO "tagsinfo"(tag_id,type,is_parent_p,parent_id,ethnic_tag_id,defined_p) VALUES(506,6,FALSE,500,-1,TRUE);
INSERT INTO "tagsinfo"(tag_id,type,is_parent_p,parent_id,ethnic_tag_id,defined_p) VALUES(507,6,FALSE,500,-1,TRUE);
INSERT INTO "tagsinfo"(tag_id,type,is_parent_p,parent_id,ethnic_tag_id,defined_p) VALUES(600,7,TRUE,600,-1,TRUE);
INSERT INTO "tagsinfo"(tag_id,type,is_parent_p,parent_id,ethnic_tag_id,defined_p) VALUES(601,7,TRUE,600,-1,TRUE);
INSERT INTO "tagsinfo"(tag_id,type,is_parent_p,parent_id,ethnic_tag_id,defined_p) VALUES(602,7,FALSE,601,-1,TRUE);
INSERT INTO "tagsinfo"(tag_id,type,is_parent_p,parent_id,ethnic_tag_id,defined_p) VALUES(603,7,FALSE,601,-1,TRUE);
INSERT INTO "tagsinfo"(tag_id,type,is_parent_p,parent_id,ethnic_tag_id,defined_p) VALUES(604,7,FALSE,601,-1,TRUE);
INSERT INTO "tagsinfo"(tag_id,type,is_parent_p,parent_id,ethnic_tag_id,defined_p) VALUES(605,7,FALSE,601,-1,TRUE);
INSERT INTO "tagsinfo"(tag_id,type,is_parent_p,parent_id,ethnic_tag_id,defined_p) VALUES(606,7,FALSE,601,-1,TRUE);
INSERT INTO "tagsinfo"(tag_id,type,is_parent_p,parent_id,ethnic_tag_id,defined_p) VALUES(607,7,FALSE,601,-1,TRUE);
INSERT INTO "tagsinfo"(tag_id,type,is_parent_p,parent_id,ethnic_tag_id,defined_p) VALUES(608,7,FALSE,601,-1,TRUE);
INSERT INTO "tagsinfo"(tag_id,type,is_parent_p,parent_id,ethnic_tag_id,defined_p) VALUES(609,7,FALSE,601,-1,TRUE);
INSERT INTO "tagsinfo"(tag_id,type,is_parent_p,parent_id,ethnic_tag_id,defined_p) VALUES(610,7,FALSE,601,-1,TRUE);
INSERT INTO "tagsinfo"(tag_id,type,is_parent_p,parent_id,ethnic_tag_id,defined_p) VALUES(611,7,FALSE,601,-1,TRUE);
INSERT INTO "tagsinfo"(tag_id,type,is_parent_p,parent_id,ethnic_tag_id,defined_p) VALUES(612,7,TRUE,600,-1,TRUE);
INSERT INTO "tagsinfo"(tag_id,type,is_parent_p,parent_id,ethnic_tag_id,defined_p) VALUES(613,7,TRUE,612,-1,TRUE);
INSERT INTO "tagsinfo"(tag_id,type,is_parent_p,parent_id,ethnic_tag_id,defined_p) VALUES(614,7,FALSE,613,-1,TRUE);
INSERT INTO "tagsinfo"(tag_id,type,is_parent_p,parent_id,ethnic_tag_id,defined_p) VALUES(615,7,FALSE,613,-1,TRUE);
INSERT INTO "tagsinfo"(tag_id,type,is_parent_p,parent_id,ethnic_tag_id,defined_p) VALUES(616,7,FALSE,613,-1,TRUE);
INSERT INTO "tagsinfo"(tag_id,type,is_parent_p,parent_id,ethnic_tag_id,defined_p) VALUES(617,7,TRUE,612,-1,TRUE);
INSERT INTO "tagsinfo"(tag_id,type,is_parent_p,parent_id,ethnic_tag_id,defined_p) VALUES(618,7,FALSE,617,-1,TRUE);
INSERT INTO "tagsinfo"(tag_id,type,is_parent_p,parent_id,ethnic_tag_id,defined_p) VALUES(619,7,FALSE,617,-1,TRUE);
INSERT INTO "tagsinfo"(tag_id,type,is_parent_p,parent_id,ethnic_tag_id,defined_p) VALUES(620,7,FALSE,617,-1,TRUE);
INSERT INTO "tagsinfo"(tag_id,type,is_parent_p,parent_id,ethnic_tag_id,defined_p) VALUES(621,7,TRUE,612,-1,TRUE);
INSERT INTO "tagsinfo"(tag_id,type,is_parent_p,parent_id,ethnic_tag_id,defined_p) VALUES(622,7,FALSE,621,-1,TRUE);
INSERT INTO "tagsinfo"(tag_id,type,is_parent_p,parent_id,ethnic_tag_id,defined_p) VALUES(623,7,FALSE,621,-1,TRUE);
INSERT INTO "tagsinfo"(tag_id,type,is_parent_p,parent_id,ethnic_tag_id,defined_p) VALUES(624,7,FALSE,621,-1,TRUE);
INSERT INTO "tagsinfo"(tag_id,type,is_parent_p,parent_id,ethnic_tag_id,defined_p) VALUES(625,7,FALSE,621,-1,TRUE);
INSERT INTO "tagsinfo"(tag_id,type,is_parent_p,parent_id,ethnic_tag_id,defined_p) VALUES(626,7,TRUE,600,-1,TRUE);
INSERT INTO "tagsinfo"(tag_id,type,is_parent_p,parent_id,ethnic_tag_id,defined_p) VALUES(627,7,FALSE,626,-1,TRUE);
INSERT INTO "tagsinfo"(tag_id,type,is_parent_p,parent_id,ethnic_tag_id,defined_p) VALUES(628,7,FALSE,626,-1,TRUE);
INSERT INTO "tagsinfo"(tag_id,type,is_parent_p,parent_id,ethnic_tag_id,defined_p) VALUES(629,7,FALSE,626,-1,TRUE);
INSERT INTO "tagsinfo"(tag_id,type,is_parent_p,parent_id,ethnic_tag_id,defined_p) VALUES(630,7,TRUE,600,-1,TRUE);
INSERT INTO "tagsinfo"(tag_id,type,is_parent_p,parent_id,ethnic_tag_id,defined_p) VALUES(631,7,FALSE,630,-1,TRUE);
INSERT INTO "tagsinfo"(tag_id,type,is_parent_p,parent_id,ethnic_tag_id,defined_p) VALUES(632,7,FALSE,630,-1,TRUE);
INSERT INTO "tagsinfo"(tag_id,type,is_parent_p,parent_id,ethnic_tag_id,defined_p) VALUES(633,7,FALSE,630,-1,TRUE);
INSERT INTO "tagsinfo"(tag_id,type,is_parent_p,parent_id,ethnic_tag_id,defined_p) VALUES(634,7,FALSE,630,-1,TRUE);
INSERT INTO "tagsinfo"(tag_id,type,is_parent_p,parent_id,ethnic_tag_id,defined_p) VALUES(635,7,FALSE,630,-1,TRUE);
INSERT INTO "tagsinfo"(tag_id,type,is_parent_p,parent_id,ethnic_tag_id,defined_p) VALUES(636,7,FALSE,630,-1,TRUE);
INSERT INTO "tagsinfo"(tag_id,type,is_parent_p,parent_id,ethnic_tag_id,defined_p) VALUES(637,7,FALSE,600,-1,TRUE);
INSERT INTO "tagsinfo"(tag_id,type,is_parent_p,parent_id,ethnic_tag_id,defined_p) VALUES(638,7,FALSE,600,-1,TRUE);
INSERT INTO "tagsinfo"(tag_id,type,is_parent_p,parent_id,ethnic_tag_id,defined_p) VALUES(639,7,FALSE,600,-1,TRUE);
INSERT INTO "tagsinfo"(tag_id,type,is_parent_p,parent_id,ethnic_tag_id,defined_p) VALUES(640,7,TRUE,600,-1,TRUE);
INSERT INTO "tagsinfo"(tag_id,type,is_parent_p,parent_id,ethnic_tag_id,defined_p) VALUES(641,7,FALSE,640,-1,TRUE);
INSERT INTO "tagsinfo"(tag_id,type,is_parent_p,parent_id,ethnic_tag_id,defined_p) VALUES(642,7,FALSE,640,-1,TRUE);
INSERT INTO "tagsinfo"(tag_id,type,is_parent_p,parent_id,ethnic_tag_id,defined_p) VALUES(643,7,FALSE,640,-1,TRUE);
INSERT INTO "tagsinfo"(tag_id,type,is_parent_p,parent_id,ethnic_tag_id,defined_p) VALUES(644,7,FALSE,600,-1,TRUE);
INSERT INTO "tagsinfo"(tag_id,type,is_parent_p,parent_id,ethnic_tag_id,defined_p) VALUES(645,7,FALSE,600,-1,TRUE);
INSERT INTO "tagsinfo"(tag_id,type,is_parent_p,parent_id,ethnic_tag_id,defined_p) VALUES(700,8,FALSE,600,-1,TRUE);
INSERT INTO "tagsinfo"(tag_id,type,is_parent_p,parent_id,ethnic_tag_id,defined_p) VALUES(701,8,FALSE,600,-1,TRUE);
INSERT INTO "tagsinfo"(tag_id,type,is_parent_p,parent_id,ethnic_tag_id,defined_p) VALUES(702,8,FALSE,600,-1,TRUE);
INSERT INTO "tagsinfo"(tag_id,type,is_parent_p,parent_id,ethnic_tag_id,defined_p) VALUES(703,8,FALSE,600,-1,TRUE);
INSERT INTO "tagsinfo"(tag_id,type,is_parent_p,parent_id,ethnic_tag_id,defined_p) VALUES(704,8,FALSE,600,-1,TRUE);
INSERT INTO "tagsinfo"(tag_id,type,is_parent_p,parent_id,ethnic_tag_id,defined_p) VALUES(900,9,TRUE,0,-1,TRUE);
INSERT INTO "tagsinfo"(tag_id,type,is_parent_p,parent_id,ethnic_tag_id,defined_p) VALUES(901,9,FALSE,900,-1,TRUE);
INSERT INTO "tagsinfo"(tag_id,type,is_parent_p,parent_id,ethnic_tag_id,defined_p) VALUES(902,9,FALSE,900,-1,TRUE);
INSERT INTO "tagsinfo"(tag_id,type,is_parent_p,parent_id,ethnic_tag_id,defined_p) VALUES(903,9,FALSE,900,-1,TRUE);
INSERT INTO "tagsinfo"(tag_id,type,is_parent_p,parent_id,ethnic_tag_id,defined_p) VALUES(904,9,FALSE,900,-1,TRUE);
INSERT INTO "tagsinfo"(tag_id,type,is_parent_p,parent_id,ethnic_tag_id,defined_p) VALUES(905,9,FALSE,900,-1,TRUE);
INSERT INTO "tagsinfo"(tag_id,type,is_parent_p,parent_id,ethnic_tag_id,defined_p) VALUES(906,9,FALSE,900,-1,TRUE);
INSERT INTO "tagsinfo"(tag_id,type,is_parent_p,parent_id,ethnic_tag_id,defined_p) VALUES(907,9,FALSE,900,-1,TRUE);
INSERT INTO "tagsinfo"(tag_id,type,is_parent_p,parent_id,ethnic_tag_id,defined_p) VALUES(908,9,FALSE,900,-1,TRUE);
INSERT INTO "tagsinfo"(tag_id,type,is_parent_p,parent_id,ethnic_tag_id,defined_p) VALUES(909,9,FALSE,900,-1,TRUE);
INSERT INTO "tagsinfo"(tag_id,type,is_parent_p,parent_id,ethnic_tag_id,defined_p) VALUES(910,9,FALSE,900,-1,TRUE);
INSERT INTO "tagsinfo"(tag_id,type,is_parent_p,parent_id,ethnic_tag_id,defined_p) VALUES(911,9,FALSE,900,-1,TRUE);
INSERT INTO "tagsinfo"(tag_id,type,is_parent_p,parent_id,ethnic_tag_id,defined_p) VALUES(912,9,FALSE,900,-1,TRUE);
INSERT INTO "tagsinfo"(tag_id,type,is_parent_p,parent_id,ethnic_tag_id,defined_p) VALUES(913,9,FALSE,900,-1,TRUE);
INSERT INTO "tagsinfo"(tag_id,type,is_parent_p,parent_id,ethnic_tag_id,defined_p) VALUES(914,9,FALSE,900,-1,TRUE);
INSERT INTO "tagsinfo"(tag_id,type,is_parent_p,parent_id,ethnic_tag_id,defined_p) VALUES(915,9,FALSE,900,-1,TRUE);
INSERT INTO "tagsinfo"(tag_id,type,is_parent_p,parent_id,ethnic_tag_id,defined_p) VALUES(916,9,FALSE,900,-1,TRUE);
INSERT INTO "tagsinfo"(tag_id,type,is_parent_p,parent_id,ethnic_tag_id,defined_p) VALUES(917,9,FALSE,900,-1,TRUE);
INSERT INTO "tagsinfo"(tag_id,type,is_parent_p,parent_id,ethnic_tag_id,defined_p) VALUES(918,9,FALSE,900,-1,TRUE);
INSERT INTO "tagsinfo"(tag_id,type,is_parent_p,parent_id,ethnic_tag_id,defined_p) VALUES(919,9,FALSE,900,-1,TRUE);
INSERT INTO "tagsinfo"(tag_id,type,is_parent_p,parent_id,ethnic_tag_id,defined_p) VALUES(920,9,FALSE,900,-1,TRUE);
INSERT INTO "tagsinfo"(tag_id,type,is_parent_p,parent_id,ethnic_tag_id,defined_p) VALUES(921,9,FALSE,900,-1,TRUE);
INSERT INTO "tagsinfo"(tag_id,type,is_parent_p,parent_id,ethnic_tag_id,defined_p) VALUES(922,9,FALSE,900,-1,TRUE);
INSERT INTO "tagsinfo"(tag_id,type,is_parent_p,parent_id,ethnic_tag_id,defined_p) VALUES(923,9,FALSE,900,-1,TRUE);
INSERT INTO RECIPE_TAGS(recipe_id, tags_id) VALUES(1,2);
INSERT INTO RECIPE_TAGS(recipe_id, tags_id) VALUES(1,17);